{"root_mean_squared_error": [0.9588871002197266, 0.8704837560653687, 0.8595903515815735, 0.8519452214241028, 0.8458040356636047, 0.8394439220428467, 0.8340162634849548, 0.8292220234870911, 0.8251490592956543, 0.8215309977531433], "val_root_mean_squared_error": [1.0044429302215576, 0.9948728084564209, 0.9896129369735718, 0.9842553734779358, 0.984221339225769, 0.9812428951263428, 0.9819639325141907, 0.9813316464424133, 0.9778594374656677, 0.9733471274375916], "loss": [0.9560577273368835, 0.8645485639572144, 0.7772738337516785, 0.7015594840049744, 0.6347172856330872, 0.5770906209945679, 0.5265379548072815, 0.48786258697509766, 0.45674946904182434, 0.42944997549057007], "val_loss": [1.0089055299758911, 0.9897719025611877, 0.9793338179588318, 0.9687585830688477, 0.9686915874481201, 0.9628376364707947, 0.9642531275749207, 0.9630118012428284, 0.956209123134613, 0.9474046230316162], "epochs": 10, "test_set": {"root_mean_squared_error": 0.9804977774620056, "loss": 0.988314688205719, "regularization_loss": 0, "total_loss": 0.988314688205719}}