{"root_mean_squared_error": [0.9819863438606262, 0.875868558883667, 0.8642618656158447, 0.8558592796325684, 0.8499261140823364, 0.8461326360702515, 0.8417823910713196, 0.8372315168380737, 0.8328993320465088, 0.8292089700698853], "val_root_mean_squared_error": [1.009960651397705, 1.0007823705673218, 0.9993512034416199, 0.9910587668418884, 0.9848612546920776, 0.982756495475769, 0.9827463030815125, 0.9845454692840576, 0.9872903823852539, 0.9876116514205933], "loss": [0.9692705273628235, 0.9053031206130981, 0.8799877166748047, 0.7481377124786377, 0.6890150308609009, 0.6346930861473083, 0.5858373045921326, 0.5437718033790588, 0.5123164057731628, 0.4886246919631958], "val_loss": [1.020020604133606, 1.0015654563903809, 0.9987028241157532, 0.9821975231170654, 0.9699517488479614, 0.9658102989196777, 0.965790331363678, 0.9693297743797302, 0.9747423529624939, 0.9753767251968384], "epochs": 10, "test_set": {"root_mean_squared_error": 1.0009132623672485, "loss": 1.0261256694793701, "regularization_loss": 0, "total_loss": 1.0261256694793701}}