{"factorized_top_k/top_100_categorical_accuracy": [0.0, 0.0, 0.0, 0.0, 0.0, 0.0, 0.0, 0.0, 0.0, 0.0], "val_factorized_top_k/top_100_categorical_accuracy": [0.024841131642460823, 0.07279029488563538, 0.06181398034095764, 0.06181398034095764, 0.05892547592520714, 0.07279029488563538, 0.07394569367170334, 0.07452339679002762, 0.07163489609956741, 0.06701328605413437], "loss": [7681.09521484375, 7453.57080078125, 7214.39501953125, 7069.51171875, 6959.94482421875, 6817.1650390625, 6671.3623046875, 6561.205078125, 6476.7919921875, 6401.859375], "val_loss": [12868.806640625, 13351.162109375, 13461.04296875, 13574.17578125, 13610.5771484375, 13687.0986328125, 13507.5263671875, 13562.0546875, 13396.423828125, 13330.755859375], "epochs": 10, "arch": [16, 8], "scann_k": 15, "test_set": {"factorized_top_k/top_1_categorical_accuracy": 0.0003850596840493381, "factorized_top_k/top_5_categorical_accuracy": 0.003850596956908703, "factorized_top_k/top_10_categorical_accuracy": 0.007316133938729763, "factorized_top_k/top_50_categorical_accuracy": 0.04139391705393791, "factorized_top_k/top_100_categorical_accuracy": 0.06873315572738647, "loss": 7235.806640625, "regularization_loss": 0, "total_loss": 7235.806640625}}