{"root_mean_squared_error": [0.9679232239723206, 0.8710351586341858, 0.8597841858863831, 0.8512589931488037, 0.8450930118560791, 0.839407742023468, 0.8346589207649231, 0.8303652405738831, 0.8267109394073486, 0.8233004808425903], "val_root_mean_squared_error": [0.9920403957366943, 0.9761137366294861, 0.9690322279930115, 0.9638159871101379, 0.9621729850769043, 0.9602546095848083, 0.9590476751327515, 0.9552677273750305, 0.9508340358734131, 0.945750892162323], "loss": [0.881051778793335, 0.7943670749664307, 0.7257933020591736, 0.6649190187454224, 0.6098576188087463, 0.5633187890052795, 0.5161129832267761, 0.4809774160385132, 0.454283744096756, 0.4322563111782074], "val_loss": [0.9841440916061401, 0.9527980089187622, 0.9390234351158142, 0.9289413094520569, 0.9257768988609314, 0.9220888614654541, 0.9197723865509033, 0.9125364422798157, 0.9040853977203369, 0.8944447040557861], "epochs": 10, "test_set": {"root_mean_squared_error": 0.9476028084754944, "loss": 0.9739570021629333, "regularization_loss": 0, "total_loss": 0.9739570021629333}}