{"factorized_top_k/top_100_categorical_accuracy": [0.0, 0.0, 0.0, 0.0, 0.0, 0.0, 0.0, 0.0, 0.0, 0.0], "val_factorized_top_k/top_100_categorical_accuracy": [0.060454368591308594, 0.0562187135219574, 0.05544859543442726, 0.06391990929841995, 0.06950327008962631, 0.07720446586608887, 0.07989988476037979, 0.07624182105064392, 0.07739699631929398, 0.0758567601442337], "loss": [7705.52197265625, 7487.20947265625, 7300.666015625, 7094.2822265625, 6950.74462890625, 6843.53564453125, 6764.150390625, 6681.03564453125, 6588.25732421875, 6466.98486328125], "val_loss": [7552.04052734375, 7602.8466796875, 7483.44189453125, 7382.85400390625, 7321.90869140625, 7301.97607421875, 7235.42138671875, 7257.9052734375, 7237.01953125, 7260.90625], "arch": 10, "scann_k": 15}